商品评论,情感分析结果,评价倾向
安满品牌箱包装，非常结实哦，400克一罐，共三小罐，方便外出携带；包装箱喝罐身都标注了奶粉的冲调方法以及营养成分，宝妈们可以一目了然；包装箱顶部和罐子底部都标注了新鲜的生产日期，底部还有二维码可以查防伪；奶粉是淡黄色的，有淡淡的奶香味，不结团，入口极好哦，大宝也会喝，以后小宝就喝这款奶粉啦。还有一个月就到预产期啦，现在喝的也是安满的孕妇奶粉,0.11851143319266211,不喜欢
这个安满奶粉特别好，它是采用新西兰原装原罐进口的奶粉，自从老婆怀孕就一直喝这个奶粉，这款奶粉不像别的奶粉，有腥味道，满秩流动配方，已经买了好多罐了，质量一直都非常好。非常满意的一次购物。,0.4111201245187712,一般
正品验证：正品,0.5351762991331489,一般
营养添加：膳食纤维 dha,0.44613522920403925,一般
脂肪含量：很低,0.9000225204739014,喜欢
消化吸收：好吸收 很容易冲泡,0.9180113456297158,喜欢
口感：香甜可口  听朋友介绍安满的孕妇奶粉 担心怀孕期间营养跟不上，所以就买了两罐  喝后感觉很不错，很容易冲泡，有淡淡的奶香味，不腥，每天喝两杯，可以补充身体所需营养，喝后晚上睡觉也很好！,0.9999955929801964,喜欢
消化吸收：不便秘，肠道顺畅。,0.6013113374465945,喜欢
营养添加：添加dha，非常有营养！,0.9185463993787216,喜欢
之前喝过一次盒装的，味道比其他品牌的香很多，非常容易溶解，不挂壁也好吸收，所以特意买换装的划算些。我因为肠道消化功能不好，吃太油腻就容易拉肚子，这款奶粉喝了很柔和不便秘不拉肚，很好吸收。推荐购买！,0.875600733804517,喜欢
其他特色：罐体的盖子部分特意用了一圈塑封带，这样可以保证罐体外运输过程中避免碰撞造成爆罐，很贴心！,0.5322623517247324,一般
正品验证：底部有二维码可验证，京东出品放心购,0.012028833913161674,不喜欢
营养添加：添加也酸，DHA，营养全面,0.8466961422648573,喜欢
脂肪含量：百分之15，可以接受范围,0.8087532872741046,喜欢
口感：口感细腻香甜，不会甜腻腻那种，味道真的好,0.5323311334979589,一般
消化吸收：感觉胃很满足，宝宝也喜欢喝,0.9998594952193794,喜欢
其他特色：没有其他香精色素，很满意,0.9866117569864886,喜欢
最早很多朋友介绍的，多少有点不那么觉得这个奶粉很不错，自从怀孕之后，开始喝安满，真的很不错了，很认可了！ 都不知道买了多少罐了！！哈哈！奶粉嘛！奶香味浓郁，口感特别好！奶粉，主要在于营养配比，很不错，全面！ 现在大宝也是跟着我喝安满幼儿奶粉，还会继续支持！,0.9999999999190847,喜欢
孕中期了，肚子还是很小，担心宝宝营养跟不上，朋友介绍我喝这款孕妇奶粉，，很不错，味道淡淡的很好喝，因为孕吐的原因，什么有味道的吃喝不下，平时喝的纯牛奶现在都喝不了，一喝就要吐，但这款奶粉真挺适合我的，喝着没有想吐的感觉，反而觉得很好喝，喝完再买一罐。,0.9999999999817071,喜欢
京东物流很准时，朋友介绍的，她说大多数孕妇吃这个这款。口感挺好的，很大一罐。一天两次，一次4勺子，大概半个月吃完。闻起来挺香的。味道口感还可以，没有很大很浓香精味。吃了之后有饱腹感。而且不太上火。。。,0.9704950727163825,喜欢
今天收到货后 打开看了 很满意 扫码看了也是正品，听朋友推荐的，孕妇喝这个比较好 ，所以买来尝尝，味道不腥，有淡淡的清香味，感觉很好 以后再多买几罐囤着，我觉得孕妇喝奶粉也要搭配水果主食来吃才健康.京东自营很好，速度也很快！,0.9999867954205253,喜欢
正品验证：底部二维码扫描验证即可，信任京东正品保证,0.05261976139250546,不喜欢
营养添加：添加DHA，营养均衡,0.9872321794564505,喜欢
口感：单纯的奶味，没有其他品牌有香精味，超级好喝,0.972489443207317,喜欢
脂肪含量：可接受范围内，孕妇也要补充点脂肪,0.8905817114084091,喜欢
消化吸收：感觉喝完胃暖暖的，好奶粉,0.9960364093607837,喜欢
其他特色：习惯了他们家的奶粉味，超级好喝的，五星推荐,0.964037398786378,喜欢
已经喝第二桶了，粉质很细腻，口感微甜的那种，味道有一点点腥味，本人对这种味道很敏感，味道重的喝下去就会吐，这款的味道刚刚好，所以一直都喝这个牌子，营养添加的也很均衡，能满足孕期所需的各种营养，是正品的，比实体店要便宜好多,0.9932075464480761,喜欢
正品验证：是正品的，买了三罐了,0.2837592078597505,不喜欢
脂肪含量：符合标准的，,0.7914666097408188,喜欢
口感：甜甜的，冲水很容易化,0.9554709413186736,喜欢
营养添加：都很不错，都符合标准,0.9812042354979239,喜欢
其他特色：孕期一直喝这个牌子，自营店，值得信赖,0.9991699004043472,喜欢
消化吸收：很好吸收，很不错,0.9974373831883573,喜欢
上次买的还有两三天的量，买回来先备着，这次从下单到拿货两天时间，以前都是一天就到货了，可能由于卖的比较好吧，拿到货也完好无缺的，没有破损，里面也是很好，一直是在这里买的，相信是正品，瓶身的有二维码，验证过了。,1.2359038860432214e-05,不喜欢
买了好几次了，二胎5个月了，这是二胎买的第二次，上次2罐吃了一罐半，11月开封的1月份没吃完就扔了，怕长霉，后面1罐20天就吃完了。现在又买了2罐，本来是从武汉发货的，这次疫情期看到是在上海发货，也就4天就到了。这款口味很甜，一胎吃的是美素佳儿，也很甜，香草冰淇淋味的。君乐宝的也吃过试用装，那个不甜，但有点化不开，安满的不会。其实三款都很好，看个人选择吧。,8.745175948954298e-07,不喜欢
发货忒快，快递也特快，昨天下单，今天到了。包装盒挺结实，奶粉罐没有磕碰，没有破损，干干净净的。这个奶粉还不错，冲泡比较容易，味道和口感都挺好的，我家宝宝不到两岁，非常喜欢喝。喝了一半的时候我拿来拍照，宝宝自己来抢奶瓶，关键是他已经吃过晚饭了，已经很饱了。喝完了还跟我要，还不咋会说话，就指着奶粉罐，再指他自己，跟我一直说&ldquo;喝！喝！喝！&rdquo;怕他撑到，没敢再给喝了，还哭了一鼻子。反正宝宝是非常喜欢这款奶粉的。,0.9999999993786621,喜欢
这款孕妇奶粉喝了3桶了，粉质很容易冲泡，甜度刚好，没有腥味儿，个人觉得好喝，喜欢把黑芝麻一类的一起冲泡，增加营养的同时也更香！在京东自营购买很放心，价格也很合适，物流超快，京东快递人员的服务也很好！总之特别喜欢在京东买买买，多做活动哦！,0.9983277878485934,喜欢
原来怀孕的时候也喝的这个安满，味道可以，不会腥，毕竟怀孕的时候对味道很敏感。喝了也不会拉肚子，不上火，很容易就溶解。现在哺乳期，也喝这个，喝着也划算，补钙补充营养，哺乳期很容易饿，有的时候早上冲一杯喝，再吃早餐,0.99967483460658,喜欢
正品验证：在实体店购买过，和京东的一样，京东购买更加优惠，更加方便便捷。,0.04916628708313542,不喜欢
营养添加：配料表营养全面，吃着也觉得很好。,0.9898916039085894,喜欢
脂肪含量：吃久了也没觉得体重明显比之前增长快。,0.8955096731874016,喜欢
口感：口感是最喜欢的，味道很香甜，浓郁，没有腥味，反胃时喝了也不会想吐难受，个人特别喜欢的味道。,0.5514787697486092,一般
消化吸收：喝了没出现不好消化的情况，没有上火，便秘等。,0.9364996636106339,喜欢
这款奶粉味道好，纯，没异味。老婆怀孕期间，胃口不好，之前买的奶粉喝不惯，就这款喝了没吐。现在生小孩了脯乳期继续喝。还有另外一个是价格划算，实惠。配方大概看了，感觉都差不多。京东孕妇奶粉销量也很高，相信大众的眼光。最近，物流超快！,0.9999984497396704,喜欢
京东的速度实在太快了，救了急了，价格比猫高一点，但主要是物流快，不用等，送货上门，正品保障。家里没有容器量200ml水，于是请出卷尺测得杯口内径3.5cm，内部高12cm，容积461.814ml，一半杯的水就合适了，完美，口感不错。,0.0019370038781534316,不喜欢
正品验证：上面包装有二维码，扫了是正品，包装也很严实。,0.04828891577548644,不喜欢
营养添加：闻着味道不错，奶粉看着也很细腻。,0.9979605363378374,喜欢
消化吸收：看着也不错，好大一罐，好了还会再买的。,0.9809844421929584,喜欢
安满孕妇奶粉我已经是喝第二罐了，第一罐还是在超市买的，死贵死贵的，但是为了宝宝的营养没办法，都是临时买的。后来快喝完了又懒得跑超市就直接京东下单了，价格实在是比超市里便宜好多啊，而且送货上门，早上下单晚上已经到货了！真是不要太方便了！我觉得两罐味道都一样，味道一点都不腥比较接近牛奶，而且就算凉水也能融化好快，我是凉水一半先融化再放热水。每天两杯，宝宝产检一直也很健康，棒棒的！我不止只会直接冲泡来喝，我还用来煮麦片，煮红枣等等来做早餐，也是很美味，看着它表面会结膜感觉营养就很丰富了，推荐！,0.7141230613801094,喜欢
孕反严重，吃不下去别的东西，朋友推荐这款安满孕妇奶粉，喝了感觉很好吸收，口感香浓，没有腥味，添加的配方也很全面，扫码验证确实是新西兰牧场，重点是喝了不会吐，胃里很舒服，早期全靠它续命了&hellip;&hellip;对口感方面有要求推荐这款哦真的不错?,0.9999987592933511,喜欢
孕中期，害怕宝宝营养跟不上，做了很多功课，好多孕妈都推荐这一款，便选的安满这款奶粉，刚收到，马上打开尝尝，奶粉很容易冲化，淡淡的奶香，一点也不腥，口感很好，各种维生素，叶酸，DHA都有了，挺不错了。推荐孕妈选择这款奶粉，好喝，营养丰富！,0.9999957003862252,喜欢
正品验证：确实是正品，跟专卖店的一样。,0.37752501215859413,不喜欢
营养添加：添加了dh a。和乳双歧杆菌。和孕期妈妈对一些营养素的需求。比如叶酸，维生素b，六铁。,0.8688196065795802,喜欢
脂肪含量：脂肪含量8.8克。,0.916984795588989,喜欢
口感：口感是淡淡的奶香，一点儿都不腻。即使是怀孕反应严重的妈妈，也特别适合喝。,0.9999887005690311,喜欢
消化吸收：非常容易消化，不会给肠胃造成负担。,0.7507751347112309,喜欢
本来孕期胃口不太好，也不知道选择什么牌子的奶粉，机缘巧合之下，听说了安满这个牌子。我孕初期胃口超级不好，好怕腥的东西，所以怕浪费，一开始买了盒装的来试试口味，现在换成罐装啦??口味不会太甜，不用担心导致孕妇的糖尿病;也不会有一股奶腥味，容易冲开，不结块，喝起来也不会有粉状感。非常不错，担心宝宝营养不够，吃完还会再回购的,0.00022883678601759438,不喜欢
正在哺乳期中的我，奶水不足，又害怕宝宝营养跟不上，便选的安满这款奶粉，前阵子收到了，马上打开尝尝，奶粉很容易溶解，口感很好，各种维生素，叶酸，DHA都有了，挺不错的。,0.9991805469863885,喜欢
正品验证：扫了二维码是正品，没有问题！,0.1793134687658764,不喜欢
脂肪含量：脂肪含量不高，长胎不长肉，一直在喝！,0.875024374246341,喜欢
口感：没有异味，很喜欢喝，有些孕妇奶粉有腥味喝着就想吐！,0.9817379999888697,喜欢
消化吸收：消化易吸收！,0.9539440584040516,喜欢
营养添加：营养全面！,0.9307117192963156,喜欢
其他特色：包装完好，没有损坏，京东快递度快，又送货上门，对我这个孕妇来说非常方便！,0.7686164120536219,喜欢
奶粉很细腻，奶腥味也很淡，不会引起反感，容量是八百克每桶，也算是比较中规中矩的，价格合适，性价比比较高，罐装的，保存和使用都很方便，营养成分也挺不错的，口感顺滑，每天都要和两杯，很容易冲调，不会起疙瘩，物流配送及时，配送员很热情。,0.9993644303867152,喜欢
收到了，快喝了一半了，很棒的奶粉，腥味不重，现在孕4个月，每天上午一杯下午一杯，补充营养，不想吃那个复合维生素，太大颗了，很难吞咽，味道也不好闻，这个奶粉刚好能替复合维生素，补充孕期一天的营养，还能补充叶酸，孕期必备,0.11282760959622762,不喜欢
之前就怕腥味太重，没想到喝一杯就爱上了，甜度适中，口感很好，过了孕初期胃口大开，这款孕妇奶粉能满足孕妇每日所需营养，是针对孕妇、计划怀孕的女性和哺乳期女性来配制，使用新西兰奶源生产制造的专业奶粉，而且这款吃了不会发胖哦，含有益生菌利于肠道消化。,0.9482134976759187,喜欢
很喜欢在京东购物，不仅物好，物流也快，上午拍下午到，家里人都觉得不可思议！昨晚奶粉到了，我弟妹就打开喝了，感觉不错，她现在是怀孕初期，但是口感就不一样了，每天早晚都呕，以前喝的奶粉都不习惯了，此牛奶没有奶腥味，味道淡，但营养丰富，各种维生素，叶酸，DHA，我弟妹特别满意，今早我弟妹还让我买呢，让我喝呢，以后就是你家了。,0.28309937085633663,不喜欢
京东的物流很快，隔天就到了，包装完好，没有破损。奶粉非常好，喝了这个奶粉后，再喝别的，就喝不进去，这个奶粉虽然不是加香精那种的特别香，但是口感很丝滑，气味也不腥，味道特别纯！也不上火，很划算！需要的可以购买。,0.9968026031586394,喜欢
这款奶粉我喝了之后没有胀气的感觉，营养添加很全面，喝两杯有1000毫克的钙，完全满足了日常所需，在热水里面很好搅拌均匀，不易结块，这款是全脂奶粉，我一般是早晚各喝一杯，甚至还用它做过酸奶，都非常好，现在家里还有4罐。,0.999978987987157,喜欢
奶粉收到了，从孕期一直吃他家奶粉，很不错，媳妇跟宝宝都吃着很好，营养够用，好消化，溶解充分，京东自营品质有保障，也有评价上火的，跟体质有关吧，个人很满意,0.999138282122558,喜欢
1、味道清淡，*甜。,0.015141041948536826,不喜欢
2、挺好喝，没有腥味，奶香味足!,0.9137533873977035,喜欢
3、口味还可以，果然不腥。,0.3491967606729227,不喜欢
4、奶粉味道不是非常浓郁，淡淡的甜香，易溶解，配着油条一起喝，营养棒棒的。,0.9922629195611093,喜欢
5、平时喝不了纯奶，会拉肚子，尤其是孕期闻到奶腥味就想吐，这个倒是没事。,0.03649718698160975,不喜欢
6、奶粉很容易泡开，味道好，一点也不腥，孕早期就在吐，喝点牛奶*强营养。,0.23164217699448308,不喜欢
7、怀大宝就是喝安满的牛奶，不腥，很好喝，这次怀二胎又来了，还是一样的味道，很好喝，棒棒哒。,0.9829086201332535,喜欢
8、奶粉质量比较好，冲出来没有颗粒，很容易融化，不过有点甜，味道，清淡一点就好了。,0.2990061249911582,不喜欢
奶粉质量特别好，一直在喝这个牌子的孕妇奶粉，口味清淡，也不担心孕吐，营养丰富充足，每天八勺子，也不用单独补充dha了，含有益生菌，不会便秘，特别喜欢。包装非常精致美观，封口盖子密封型更高，不怕奶粉受潮，结块。物流速度也是越来越快越来越好，快递小哥配送很及时，昨天晚上下单，第二天就到了，速度真是太快了。客服服务也很好，第一时间解决所有问题，赞赞哒,0.8973642846907798,喜欢
很早以前就已经收到货了，没有空上来评价。  以前怀一胎的时候也是喝这个奶粉味道比较清淡一点吧，   营养也比较全面   孕吐的时候可以补充胎儿的各种营养。,0.9452941710412686,喜欢
奶粉很不错，宝宝喝了消化睡眠都很好，奶粉奶源比较放心，含有益生菌和益生元，良好的营养基础是营养吸收的源泉，安满奶粉营养全面，奶味纯正，是宝宝最佳的选择，奶粉溶解性比较好，喝了也没有上火的情况，验证了是正品,0.9999999999893074,喜欢
正品验证：国产正品和母婴店卖的完全一样，去对比过，这个可以保真的,0.04606876213389388,不喜欢
营养添加：具体不知道，看看效果再说，原装进口的，还有母婴店的，京东国产都买过，希望对宝宝好吧，呵呵,0.2571476031542901,不喜欢
口感：口感还可以，微甜，我也尝了一口，没有膻味,0.062164563161611675,不喜欢
消化吸收：吸收很好，很舒服不拉肚子,0.9696293217333734,喜欢
第一胎也喝安满，那时候还没出这个升级版。现在二胎看到有这个升级版，对比过旧版本，营养更全面了。口感也很好。会继续关注的。很好！,0.9942006439206602,喜欢
正品验证：京东自营的东西，正品无疑。,0.09789682117505205,不喜欢
营养添加：这款奶粉营养很全面，该有的配方和个别强化配方都有，营养丰富。,0.9978942133357361,喜欢
脂肪含量：脂肪含量不太高，能有效保持身材。,0.5828915959201327,一般
口感：最主要的是口感清淡，有淡淡的冰淇淋的味道，另外奶香味足，味道很好。,0.5861753081238712,一般
消化吸收：容易消化吸收，喝了这么久了，基本不上火。,0.958997107566977,喜欢
奶粉收到了，已经喝了几天了，口感还不错，很多孕妈都推荐这款安满奶粉，喝起来还不错，没有腥味，看详情说奶粉还富含叶酸DHA及多种维生素和矿物质，还减少40%的脂肪，补充孕期所需各种营养，产地是新西兰进口奶粉，物流也很快，第二天就收到了。,0.9999924173186948,喜欢
正品验证：京东自营必是正品，这方面我从来不担心,0.049902750478952984,不喜欢
营养配方：这款奶粉营养配方很全面,0.8508290004003065,喜欢
消化吸收：宝宝喝了不上火便秘，吸收可以,0.9979577129835571,喜欢
溶解性：溶解度好,0.6670789396184037,喜欢
其他特色：罐子紫色很好看,0.9374856140664313,喜欢
"""""",0.5,一般
这款奶粉真的非常不错，京东自营正品保障，我没有担心过，这款奶粉还是由安满孕妇奶粉得知的，真的很不错，小孩喝了消化吸收好，不上火不便秘，奶粉有点腥味但是不影响冲泡后的奶味，很不错，而且京东也太好了吧，买奶粉还送了5片纸尿裤试用装，小孩刚好可以用，大爱京东。真的是太赞了，网购选择京东平台，我放心，我要声明，我不是托，哈哈，在京东自营购物的便利和优惠，谁买谁知道。,0.033898681173779144,不喜欢
大大小小物品基本都在京东自营下单，包括小孩的奶粉，纸尿裤，通通自营，真的是太给力了，必须支持！我爱京东！表白表白，哈哈,0.004039898945228382,不喜欢
这个刚刚新入手的安满（A**um）智孕宝品牌孕妇配方奶粉，味道非常好，老婆非常喜欢营养丰富，前几天弱鸡弱鸡的，查血显示蛋白到底正常下限，吃了一阵子后，脸色都好很多。关键是，对于孕吐严重的人来说，一样的一款产品，能够补充很多能力，很多营养物质。一罐就有800克，有勺子，4勺子配200ml水，喝一餐，一天要个好几次！好家伙！这个是新西兰原装进口的产品是个很好的货，质量杠杠的也是很不错，经过专业鉴定的确是正品。做工精美绝伦，简直鬼斧神工，手感非常好。活动价格，力度非常非常大，算起来很便宜，很是喜欢，商家发货非常快快速，物流也的确是超级给力，很快就到了，商家服务态度热情，很好好，很周到！！！很不错的一次购物体验，下次再来购买。,0.9999158692341361,喜欢
正品验证：新西兰原装进口，正品,0.24506464878963907,不喜欢
营养添加：丰富,0.8727192221463104,喜欢
口感：非常好，很值很喜欢,0.9763146842796401,喜欢
消化吸收：比较快，不拉肚子,0.8211278823219698,喜欢
我现在是孕8个多月了，之前是喝的其他牌子的孕妇奶粉，第一次买安满这个牌子的孕妇奶粉，虽然价格比另一个牌子的便宜很多，但是感觉营养成分啊，粉质那些都还挺不错的。这款奶粉的粉质很细腻，很容易溶于水的，不会结块，然后味道也还不错哦！,0.9995799546543099,喜欢
正品验证：刚刚收到了，已经验货了。是正品。很好很满意，这个味道我很喜欢,0.9901985858035883,喜欢
奶粉收到了，京东很给力，促销价格便宜，一直京东买他家的奶粉，孕妇的就买了一堆，孩子出生一条龙下来了，媳妇孕期反应大，喝他家奶粉很顺口，宝宝也喝着没问题，就是价格波动太大了，宝宝喝着顺口也不打算换牌子了，喝着看吧！辛苦快递师傅了！,0.9999908494244113,喜欢
安满智孕宝孕妇配方奶粉，专为怀孕和哺乳期妇女设计，为妈妈们在怀孕期补充营养，保证胎儿的健康成长。一直被妈妈们推荐为孕妇奶粉第一品牌，拥有不错的口碑。我从孕期第4个半月开始吃，平常也会纯牛奶交替着喝，如今已经喝了3罐了。中间也有喝过一次美素佳儿的孕妇奶粉，个人觉得有很大的奶腥味儿，而这款安满智孕宝孕妇配方奶粉，味道比较清甜，很适合孕期这段对气味敏感的时期。身边的孕妇朋友，我也都是推荐的这款，大家反响也都很不错。每天保证早晚各一杯，真的是一款能做到长胎不长肉的奶粉，在价格方面也是很实惠经济。同时，安满智孕宝孕妇配方奶粉是使用新西兰奶源进行制造的，非常可靠。总之，这款奶粉将会是我孕期一直会选择喝下去的品牌，真的是为我们孕妈妈们量身定做的一款奶粉！,1.0,喜欢
看了许多奶粉，也看了许多广告，觉得还是安满的牌子最好，有助于孕妇吸收，脂肪含量没有或者很低，其他就是挺好喝的，分量很足也不贵，适合广大妇女同志享用。老婆每天晚上雷打不动喝一杯，感觉越来越漂亮，心情棒棒哒，有需要再回购！,0.9999974521991519,喜欢
非常满意，与经常喝的港版普通安满奶粉相比，这个脂肪含量更低，铁和锌的含量更高。最喜欢的是这个包装设计，勺子在顶层有个隔层，不用去奶粉里去捞了，每次使用完再放回，也没有手拿勺子放到奶粉中的污染风险。看评论说口感偏甜，我实际喝下来还是蛮清淡的，也比较易溶解。从怀孕开始，陆陆续续的美赞臣、雅培惠氏、安满几个牌子的中档和高档孕妇奶粉喝了个遍，因为这营养成分到底哪个更科学，更适合自己，谁也说不准，索性各个品牌轮着喝，营养更加均衡全面。现在哺乳期了，基本上固定喝安满这两款。搞活动299两罐，和普通装的差不多价格了，实惠。,0.999999965124733,喜欢
不错，收到货了，尝了一下，不是很甜，也不像有的羊奶很难以下咽。味道清新，营养元素也很全，卖家送了小勺子，赞一个！,0.8944550258456274,喜欢
先喝了试用装 像是正品 毕竟孕妇的东西 在实体喝了几罐很贵 网上这个便宜 买了试试 没什么差别 喜欢这个奶粉 不会便秘 会一直喝。,0.9143235903830468,喜欢
东西很不错，也很新鲜的日期，买来喝很放心，价格也很合适，喝完会继续来买，老板也很给力服务也不错，良心卖家吧，希望多出一些活动给到孕妈吗，哈哈哈，还是挺满意的，跟实体店买的没区别,0.9993679661970303,喜欢
很满意，从小到大第一次喝奶粉，小时候我妈说我从来没喝过奶粉，这味道还可以，挺喜欢的，我觉得吧水温很重要，我是半杯刚烧开的水加半杯饮水机冷水，放下去搅拌即容，好喝，哈哈，喝完再回购，这个孕期喝奶粉就你们家了。,0.995811904855454,喜欢
怀孕为了补充营养，找了很多款奶粉，安满这一款，性价比比较高，口感也非常喜欢，味道比较清淡不腥，吃起来有淡淡的牛奶味。期间也喝了其他品牌的奶粉，相对而言还是比较喜欢这一款。这一款性价比比较高。在活动的时候买，还会有赠品，选择京东主要是相信京东的品质，上面有防伪的码，扫了证明是正品。,0.9999875948489642,喜欢
怀孕开始一直喝的安满的这款孕妇奶粉。含有多种维生素，富含叶酸，额外添加了乳双歧杆菌和DHA。每天我都是早上一杯再泡上麦片，晚上睡前一杯。可以满足孕期的额外营养需求，有助于胎儿发育。生完宝宝的哺乳妈妈也可以喝。,0.999988250044749,喜欢
罐装奶粉还送的量勺，200ml温水加四勺奶粉冲调很方便。口感也不是很腥，奶味很足还伴有淡淡的甜味。是一款很适合准妈妈和哺乳妈妈的奶粉，推荐！,0.999972377412406,喜欢
选择安满奶粉，主要是看中它里面有一个联动配方，1000万脑细胞连接。能让宝宝更加的聪明。最重要的是他口味非常清淡，不含蔗糖。喝了也会更加放心。看到搞活动就马上入手了，感谢榴莲小山竹客服的贴心服务。让我感觉到这款奶粉是非常有性价比的。以后喝得好的，还会继续一直来关注的。,0.9999987149769115,喜欢
从怀上了三个月后 就开始喝 一直喝到分娩前一个月。医院里的护士介绍的，说孕妇要吃燕窝，后三个月喝孕妇奶粉，前三个月鹿茸，等等，反正喝完了就上京东，没有断过。感觉很不错，价格实惠，快递给力，值得购买。。。,0.9998395795326233,喜欢
正品验证：京东品质值得信赖。,0.9734842971168679,喜欢
营养添加：营养丰富什么物质都有。,0.9824474304079208,喜欢
脂肪含量：脂肪含量非常低，低脂奶粉。,0.9241523148271723,喜欢
口感：口感鲜甜，不发腥味，很好入喉。,0.010794320501870014,不喜欢
消化吸收：听老婆是易消化，口感好。,0.9823361838559213,喜欢
其他特色：这是第二罐了，老婆说以后就买这个牌子的，非常香味很浓，有牛奶味，大家可以多买一些存着。,0.43994136221347513,一般
正品验证：扫了码，证实是正品，从怀孕开始一直都在这家店买，没发现有什么问题！,0.005487989819896288,不喜欢
营养添加：营养比较均衡，从怀大宝到现在怀二宝都是喝这个牌子的，感觉很好！,0.9947953802195293,喜欢
脂肪含量：脂肪含量应该不高，长胎不长肉，因为我生完大宝一个月就恢复了！,0.34663286420518213,不喜欢
口感：没有腥味，很喜欢！,0.7717608783084793,喜欢
消化吸收：易吸收,0.8942728569032886,喜欢
其他特色：喜欢喝！,0.9966759937618899,喜欢
正品验证：买了好几次了，正品无疑，日期很正,0.5640873475634832,一般
口感：老婆说口感很好，不会腻，也不上火，喝完就赶紧补上，香味很浓,0.8015379773549683,喜欢
消化吸收：老婆每次都是早上和晚上喝，尤其是晚上，喝完睡眠很好，老婆说有助于消化，对身体很好,0.9999998579126246,喜欢
其他特色：看中了它是原罐进口，牌子也很有名。,0.9872535321674044,喜欢
正品验证：扫码验证了，确保正品，能够很好的溯源。,0.1907505375723424,不喜欢
营养配方：富含宝宝成长所需要的各种营养成分，平常再搭配主食，基本上不用担心宝宝的成长。,0.9999948962192862,喜欢
消化吸收：每天晚上给宝宝冲150ml左右，基本上都能够喝完，然后就乖乖的睡觉。,0.9998852465592127,喜欢
溶解性：易溶性还是很好的，放到水里，一会就溶解了。,0.11627393403709418,不喜欢
口感：淡淡的甜味，是我想要的味道，而且温水很容易搅拌均匀。喝起来很香，虽然我自己平常很懒，但是一想到它既营养丰富，而且操作也简单，便会每天泡上两杯补充能量。,0.9997924728830266,喜欢
运输：快递包装的很好，很结实。而且京东快递快捷、方便。直接送货到家，对品质和速度都很放心！,0.20906976920996168,不喜欢
值得继续回购！,0.8063411376759839,喜欢
已经买过一次了，所以很放心，给孕妈喝的。在东上面之前做过功课，而且老婆觉得很不错，也没有上火的情况，现在宝宝已经出生了，孕妈更需要补充营养。除了日常膳食，孕妇奶粉提供了更多更全面的微量元素。时不时来上一两杯，也是需要的，推荐购买。,0.9999998133763646,喜欢
这款婴儿奶粉真的是不错的，孕期一直喝的安满奶粉。然后因为奶粉继续用安满的，主要看中了他一个口感清淡。不添加蔗糖。感觉味道非常好，宝宝很爱喝。还有感谢榴莲小山竹客服的热情服务。以后买奶粉就认准安满了，特色的他家的一个配方联动配方。非常看重这一点，这样子对孩子以后上学的记忆力都有很大的好处。还会继续来光顾的。,0.9999999999995626,喜欢
感谢客服榴莲小山竹。,0.7732018802349072,喜欢
选择安满看中的是国际百年大品牌，而且溶解性非常好，各方面的营养素都比较均衡，很适合孕期哺乳期食用，而且奶味香浓可口。每次冲调奶粉准备好一个干净奶瓶，200ml40度温水4勺奶粉，补充足够的营养最好是早晚各一杯，这样宝宝和妈妈的营养就充了。京东配送很快，包装也非常好，而且价钱也很便宜。,0.9999999999733475,喜欢
安满的婴幼儿奶粉，此款奶粉属于进口的奶粉，奶粉细腻，比国内的奶粉颜色偏黄嫩些，口感也微甜，还很香。营养价格也非常高，很适合宝宝长身体。奶粉产地是新西兰，那边环境好，出口的奶粉质量有保证。,0.9999999935002521,喜欢
安满奶粉还是很牛的呀，新西兰的老品牌了，业界口碑很好。婴幼儿系列的奶粉比较细腻，好冲开也好消化，宝宝肠胃没什么负担，而且还有益生菌和益生元组合。孕妇版的味道鲜美，物流快，很好喝，下次还买，推荐每个孕妈购买。,0.9999918414997842,喜欢
孕期前三个月吃不下什么东西，担心营养不足，在朋友的介绍下，买了这款安满奶粉。奶味很香醇，喝起来很舒服，所以早晚来一杯。在实体店买的一罐喝完后，大过年的，在京东上买。三十晚上下单，没想到正月初二竟然送达了！日期也新鲜哦！以后可以继续京东购咯！,0.744618415310191,喜欢
正品验证：首先肯定是正品，买了这么多年了，还没踩到雷。,0.6528747566661774,喜欢
营养添加：这款奶粉营养很全面，dha含量也挺高的，其他的营养也都可以。,0.998982103184682,喜欢
脂肪含量：脂肪含量不是很高。,0.9765471250649768,喜欢
口感：口感清淡，奶味很足，没什么腥味。,0.10441905115004535,不喜欢
消化吸收：喝了好几罐，没什么上火的现象，多喝水就没有任何问题。,0.7914784930967154,喜欢
在网上对比了好多，最后还是选择安满的，也是第一次买不知道真假，所以抱着试一试的态度买了，果然没让人失望。买回来就让老婆冲着喝了，说挺香的，没有很腻的感觉，自己也想试一试，也冲着喝了，味道很不错，值得推荐。,0.9998127044838244,喜欢
老婆二胎，整天胃口不好，营养补充不进去，想到孕妇奶粉补充一下营养。挑选了很多品牌，这款销量多，口碑也好，试着买了一罐。京东送货很快，果然如大家说的，没有反胃的状态出现，早晚各一杯，配上新鲜水果，补充营养，而且包装也很严密，就是小勺子深深埋在奶粉里面，不好找。喝完还会买。,0.9999956481632212,喜欢
看销量第一就下单了，昨天收到的，喝了两次觉得奶味很重，没什么特别的甜味适合孕妇喝，至于营养什么的也没办法去考证，看说明是很丰富，喝喝看吧,0.9874599983494302,喜欢
最早是朋友介绍，到后面自己认可！已经买了好多次了！  我喝的也是安满孕妇奶粉，大宝喝的也是安满！感觉挺不错的！这个品牌值得信赖！口感香醇，香味浓郁！ 主要是营养比例不错！  物流很快，基本上都是隔天到！会一如既往支持！,0.9999992820705551,喜欢
购物我手软，京东京东购物就是方便，今天下单，明天到客服服务态度好，耐心细心的解答各种问题，这款安满奶粉非常好，老婆怀孕以来一直都在喝这个奶粉，这款奶粉外包装设计比较好，其次，奶粉质量非常好，老婆第一次喝了之后就感觉不会有腥的味道，一直以来一直喝的是这款奶粉，推荐哪家？,0.9963137816373278,喜欢
正品验证：是正品,0.5351762991331489,一般
营养配方：科学配方  营养全面好吸收,0.8447968100107907,喜欢
消化吸收：吸收不错,0.9837724419276649,喜欢
溶解性：溶解性良好,0.9538097365105331,喜欢
其他特色：好吸收  ,0.9602320689446076,喜欢
这款奶粉的配方很科学    营养成分比较全面  能够满足宝宝的生长所需  我家宝宝吸收很好  而且很容易就能摇匀食用了   这是三小罐的连装  比较方便携带   很满意,0.999998140484463,喜欢
正品验证：是我值得信赖的大牌子。,0.9306669859456486,喜欢
营养添加：更好营养补充。,0.9881034355533124,喜欢
脂肪含量：量不错。 ,0.9556640225960857,喜欢
口感：口感浓厚，有很香的奶味。,0.9127737170441617,喜欢
哺乳期需要营养，再买几桶继续喝，营养不能停呢！这个从怀孕就开始卖，家里全是奶粉桶了，哈哈，口感很好，甜而不腻，孕吐也不影响，营养还充足，推荐大家购买，物流速度越来越快，第二天肯定能收到，不耽误喝。包装精致，非常满意，五星好评！,0.9992247857125689,喜欢
奶粉非常好喝，适合刚怀孕的时候喝一点味道也不容你甜度刚刚好，味道醇厚非常喜欢包装非常精美，还送了个奶粉和价格也非常合适，主要是喜欢和推荐大家购买这个特别适合孕妇，，营养够了，生出来的宝宝白白胖胖，五星好评。,0.9999999969259401,喜欢
朋友推荐买这个品牌，说是很适合，这是我购买的第二瓶，物流快，今晚喝完，在十一点四十五分下单，第二天早上就到家，一点也不耽误补充能量时刻，味道很纯香，不腻，很贴心，有教育怎么冲奶粉，比例，水的温度，零基础的宝妈觉得太好的趴，宝妈喜欢可以入手。,0.9999998224026136,喜欢
包装很好，快递运送也很注意保护，无损伤，重点是速度很快，昨晚十一点购买，今天早上八点多就收到，辛苦快递小哥了。这是第二次购买，味道很好，冲起来也很方便，按照说明一分钟内就可搞定，每天一杯，营养健康。打算喝完继续来买，很赞,0.9998906404697717,喜欢
从怀孕到现在孩子出生了，宝妈还一直坚持喝这个奶粉，她说喝这个，睡的好睡得香，不上火，她也一直推荐身边朋友喝这个安满奶粉，物流很快，优惠力度再多一些更好！,0.9999999999823659,喜欢
安满（A**um）智孕宝 孕妇配方奶粉（新西兰原装进口）,0.33744093564056865,不喜欢
很幸运抽中了安满婴儿奶粉3段的免费试用装，付了7块运费到手。孕期就一直喝安满孕妇奶粉，口感好，奶味儿浓郁，配方科学营养全面。孩子小时候是母乳，少量加点奶粉，大了开始喝配方奶粉，前前后后试了很多牌子，国产最好的和各种进口的，最后还是定了安满。一是量大实惠，二是营养成分全面，三是恒天然集团大品牌，质量要求严格，信得过。婴儿奶粉比孕妇奶粉更甜一点，口感不太一样，孕妇奶粉跟普通奶粉口感一样，婴儿奶粉略有腥味儿，一段还添加了DHA，二段和三段都是根据宝宝不同发育阶段进行配方含量调整，三段喝的时间更长久，打算让宝宝一直喝，他不爱吃蔬菜，配方奶粉正好含有多种维生素和矿物质还有微量元素，能弥补食物摄入少的那部分，一天两顿，配合维生素D，希望促进骨骼和牙齿发育，年幼时候补钙和优质蛋白质，给身体一个优质的营养基础。安满婴儿奶粉虽然是小罐，但是每一罐都有密封包装和追溯码，日期也特别好，细节很用心，奶粉偏黄，里面配了小勺子，支持，会一直回购。,0.9999999999886029,喜欢
买第三次，宝宝爱喝这种奶，之前喝美素佳儿会过敏，偶然给它喝安满，很惊喜没有过敏，怀孕的时候也是喝的安满，口感不错，淡淡的，没想到现在也出了婴幼儿奶粉，真是太好了，新会员享优惠五折，买三瓶送三瓶，小罐容易携带！,0.9999965938211848,喜欢
正品验证：闲着没事还真扫描了下溯源二维码，一如即往的相信京东,0.04661017410273649,不喜欢
营养添加：生素 D跟钙的含量都高于我之前买的其它牌子的产品,0.5544980232210466,一般
口感：清香滑润适合我的口味没有一点腥味,0.25638809649373284,不喜欢
消化吸收：之前也买过几次了从来没出现过拉肚子的情况，看来还是挺适合我的肠胃,0.734635979797538,喜欢
其他特色：性价比还很高，很感谢能有这样一款适合我这种高龄孕妇的老牌进口奶粉,0.99999658337068,喜欢
脂肪含量：每杯才15%的脂肪含量，像这种低脂的奶粉早晚各一杯都妥妥的不用担心,0.5805731704114082,一般
在京东商城买过多次安满了，之前怀孕时喝的也是安满孕妇粉，味道清谈，不添加防腐剂，不添加香精，不添加助容剂，很适合中国宝宝喝，温和不上火，还添加的益生菌，使宝宝肠胃好，增强免疫力，免疫力好了就很少生病，还有DHA促进宝宝脑部发育，增强记忆力，物流有块，今天下单第二天就到了,0.9999999878731906,喜欢
我是5月25日在京东自营平台购买 商家当天完成拣货发货 第二天中午就收到货了 货物保存完好 无磕碰和损伤 京东自营 买的就是放心,1.089755941041659e-08,不喜欢
打开包裹 奶粉由气泡袋裹得严严实实 保护的很全面 这款奶粉是新西兰进口奶粉 安满品牌在进口奶粉中也是口碑和实力齐全 给与宝宝安心的奶 安心的爱,0.9999980480467904,喜欢
这罐奶粉的容量是400g 便于保存 不会因为使用周期长而变质 同时400g也方便携带 奶罐密封性很好 打开奶罐 奶粉很细腻 无异常现象 浓烈的奶香味,0.969989616987502,喜欢
当天晚上就冲泡了一杯 奶味浓郁 味道清淡 奶粉溶解率和溶解速度很快 轻轻搅拌一下就全部溶解了 不会结块 奶粉各方面的营养成分也很高 补充小宝宝所需的营养 宝宝喝了无便秘和上火现象 活动的时候多囤几罐 五星好评 后面还会回购,0.27256137728749485,不喜欢
马,0.6666666666666666,喜欢
怀孕期间，孕妇的膳食结构需要均衡，但是光靠膳食补充还不能满足身体的全部需求，还要通过额外的摄入来保证宝宝的生长发育，而孕妇奶粉是最好的，它是在牛奶的基础上，再进一步添加孕期所需要的营养成分，包括叶酸、铁质、钙质、DHA等营养素。安满的这款孕妇奶粉营养成分种类很多，手机上看好多人都喝这个奶粉，拆开喝了两次，味道不是很甜很浓，但是又有奶的味道，口感喝着正好。,0.9999999983239056,喜欢
口感香醇细滑，有着纯正的奶香味，没有其他异味，口感清淡，安满奶粉配方中没有添加蔗糖，可以避免宝宝肥胖和蛀牙的产生，这样的味道，宝宝很喜欢喝。,0.9998994741259596,喜欢
安满奶粉非常不错，货物包装完整，没有损包破包，非常满意。物美价廉。 奶粉里面营养成分表里面的东西很多，感觉特别不错，能量，蛋白质，脂肪，碳水化合物，维生素还有矿物质也有可选择成分，感觉特别多。奶粉中含有丰富的蛋白质，脂肪和多种维生素，营养成分非常丰富，而且奶粉更能保护宝宝的眼睛健康，帮助宝宝恢复体能。京东物流没的说，当天送达，很方便！,0.9999999612122816,喜欢
奶粉日期很新鲜，口感很好，说起来有点微甜，营养是很全面的，脂肪含量也很足，喝这个奶粉是我最喜欢喝的孕妇奶粉了，这个奶粉的喝了也不会便秘，很好，消化吸收，京东双11买的时候还是很划算的。而且送货超快，京东小哥快态度非常好,0.9999999807978578,喜欢
正品验证：是正品，外面还有完好无损的塑料包装,0.01911918841443172,不喜欢
营养添加：营养非常丰富不管是孕期还是哺乳期的妈妈都可以使用，给宝宝更好的营养。,0.9999279687440845,喜欢
脂肪含量：很低,0.9000225204739014,喜欢
口感：很好,0.7478079805248605,喜欢
消化吸收：好吸收,0.9366371815600528,喜欢
其他特色：就是奶白色,0.795488771661832,喜欢
奶粉没的说，太棒了，媳妇说喝得感觉很好，看营养成分也挺好，很全面的。已第二次购买。物流速度很快，基本上次日达，一点也不耽误用，棒棒哒！,0.9987365153712885,喜欢
就是价钱再便宜点就更好了?,0.7629595454534659,喜欢
正品验证：非常好，是正品，很好喝，一点都不腥,0.8931107481846338,喜欢
营养添加：怀孕母乳都喝的这款奶粉，对身体好,0.9998424133978694,喜欢
脂肪含量：吃了没有长胖,0.7354630453811493,喜欢
口感：好喝，不腥,0.8028482304104017,喜欢
消化吸收：很好吸收,0.9697029680809401,喜欢
其他特色：很便宜，比其它奶粉便宜多了，吃了口感好，营养丰富，怀孕的时候天天喝，现在哺乳期也天天喝，在网上买了很多次了，信赖京东，好产品,0.9999891984083523,喜欢
是正品，已经喝了几罐，孕期一直喝的是安满孕妇奶粉，口感很好，不会很甜，淡淡带有一点点甜味道，个人喝了不会反胃和不适感，而且喝这个脂肪也不会长，孕期到生的体重在正常范围内，每次产检一次通过，宝宝也很健康，能吸收到里面的营养成分，京东值得信任,0.9999998090063652,喜欢
正品验证：验证确实是正品，京东东西靠谱,0.08183710322285664,不喜欢
营养添加：营养成分挺全面，适合孕妇喝，各种维生素叶酸都有补充,0.998057668610859,喜欢
口感：闻起来很香，喝起来也爽口，口感不错,0.8928596057915095,喜欢
消化吸收：吸收效果不好判断哈，但是感觉消化是没问题，每天都有饮用，没有任何不良反应,0.828432953611446,喜欢
其他特色：生产日期很新，值得购买,0.9967352414653345,喜欢
正品验证：应该是正品，连续买好几次了。,0.5881417289169221,一般
营养添加：吃不出来什么感觉，觉得还可以。,0.8748432820909207,喜欢
脂肪含量：营养全面，吃了长胖，所以晚上都不太好喝太多了。,0.4434049336698419,一般
口感：口感不错。不腥，香甜，推荐给姐姐，她也很接受。,0.9936023852999617,喜欢
消化吸收：吃了也没有拉肚子反应，没有便秘，所以可以。,0.9913181425670555,喜欢
其他特色：这次活动有优惠券买的，挺实惠的，最便宜的一次，很不错！,0.9997743750742669,喜欢
老婆大人孕育老大的时候就喝这个，现在孕育老二也喝，老婆大人说这个味道不腻，挺好喝的，看中的就是营养全面，好多要补充的营养都有，追重要的是脂肪含量不是很高，还是怕大人体重增加太快，孩子长得太胖，生的时候大人遭罪。,0.9999999995430162,喜欢
这应该是我吃的第六罐安满奶粉了，从怀孕的时候就一直喝，这款奶粉的口味很好，没有难闻的奶腥味，入口微甜，奶香味很足。,0.9987741583884404,喜欢
快递很给力，当天晚上下单，第二天中午就到了。外包装完好，无破损。收到货喝了两天才来评价，奶粉易冲化，口感很不错，甜味适中，有奶香味。营养丰富，有助于消化！睡前喝一杯，晚上睡得香！喝完这罐再来屯点货吧！,0.9996292983718391,喜欢
第二次买这个，安满味道没有那么腥，觉得很好接受。不过据说喝了容易长胖，感觉是真的了。已经胖了30斤，不敢每天都喝。但是这个奶粉确实还是挺不错的。性价比也高。可以推荐。京东快递也很快，春节买的，遇上特殊时期。幸好有京东了！,0.992733935365752,喜欢
